,Cost,Lead Time,Risk,Rework Effectivness,Average Iterations,FPY,Physical Cost,Work Efficiency,Average Consitency,T_Acc (MBSE),T_I (MBSE),DL_Eng,DL_EKM,New Tool,T_Acc (new),T_I (new),T_Usab,T_Acc (LFSystemSimulator),T_I (LFSystemSimulator),T_Acc (CAD),T_I (CAD),T_Acc (IDE),T_I (IDE),T_Acc (ECAD),T_I (ECAD),T_Acc (FEM),T_I (FEM),T_Acc (CurcuitSimulation),T_I (CurcuitSimulation)
1,,,,,,,,,,0.5,0.5,2,1,False,0.5,0.5,1,0.5,0.8,0.8,0.2,0.5,0.5,0.5,0.8,0.8,0.5,0.2,0.2
2,,,,,,,,,,0.2,0.2,3,3,False,0.2,0.2,3,0.8,0.8,0.2,0.8,0.8,0.2,0.8,0.2,0.8,0.2,0.8,0.8
3,,,,,,,,,,0.2,0.2,3,1,False,0.5,0.8,2,0.2,0.5,0.8,0.8,0.2,0.5,0.5,0.2,0.5,0.2,0.8,0.8
4,,,,,,,,,,0.2,0.8,3,1,False,0.8,0.2,1,0.8,0.2,0.2,0.8,0.8,0.2,0.2,0.8,0.2,0.8,0.2,0.8
5,,,,,,,,,,0.5,0.2,1,1,False,0.5,0.8,3,0.2,0.8,0.5,0.8,0.2,0.2,0.8,0.8,0.8,0.8,0.8,0.2
6,,,,,,,,,,0.2,0.5,3,2,False,0.2,0.2,1,0.2,0.2,0.2,0.8,0.8,0.8,0.2,0.2,0.8,0.2,0.2,0.2
7,,,,,,,,,,0.8,0.8,1,3,False,0.8,0.2,3,0.8,0.8,0.2,0.2,0.8,0.2,0.2,0.2,0.2,0.8,0.8,0.8
8,,,,,,,,,,0.8,0.2,2,2,True,0.8,0.2,3,0.5,0.8,0.2,0.2,0.8,0.2,0.8,0.2,0.8,0.5,0.5,0.5
9,,,,,,,,,,0.2,0.8,3,3,False,0.2,0.2,1,0.2,0.5,0.8,0.8,0.2,0.5,0.2,0.8,0.8,0.5,0.8,0.2
10,,,,,,,,,,0.5,0.5,2,2,False,0.8,0.5,2,0.8,0.5,0.8,0.5,0.8,0.5,0.2,0.2,0.5,0.2,0.8,0.2
11,,,,,,,,,,0.2,0.8,1,3,True,0.2,0.2,1,0.8,0.2,0.8,0.2,0.8,0.2,0.2,0.8,0.2,0.8,0.8,0.8
12,,,,,,,,,,0.2,0.2,1,3,False,0.2,0.8,2,0.8,0.2,0.8,0.2,0.2,0.8,0.8,0.8,0.8,0.8,0.8,0.8
13,,,,,,,,,,0.2,0.2,2,3,False,0.5,0.8,3,0.2,0.2,0.2,0.2,0.2,0.8,0.2,0.8,0.2,0.8,0.2,0.2
14,,,,,,,,,,0.2,0.5,2,3,False,0.8,0.2,3,0.2,0.8,0.8,0.8,0.5,0.8,0.8,0.2,0.2,0.2,0.5,0.5
15,,,,,,,,,,0.8,0.8,2,1,False,0.2,0.8,3,0.8,0.2,0.2,0.2,0.8,0.2,0.8,0.8,0.2,0.8,0.2,0.2
16,,,,,,,,,,0.2,0.2,1,1,True,0.5,0.8,1,0.2,0.2,0.2,0.5,0.8,0.2,0.2,0.8,0.5,0.8,0.2,0.2
17,,,,,,,,,,0.2,0.2,1,1,False,0.5,0.2,1,0.2,0.2,0.2,0.2,0.8,0.5,0.8,0.8,0.8,0.2,0.8,0.2
18,,,,,,,,,,0.8,0.2,1,3,False,0.8,0.8,1,0.8,0.5,0.2,0.2,0.5,0.2,0.2,0.8,0.8,0.8,0.2,0.2
19,,,,,,,,,,0.2,0.2,1,2,False,0.2,0.5,1,0.2,0.8,0.8,0.2,0.5,0.2,0.8,0.2,0.2,0.2,0.2,0.2
20,,,,,,,,,,0.5,0.8,3,1,False,0.8,0.8,2,0.8,0.8,0.2,0.2,0.2,0.8,0.2,0.5,0.2,0.5,0.5,0.2
21,,,,,,,,,,0.5,0.2,1,3,False,0.5,0.2,2,0.8,0.5,0.8,0.2,0.5,0.5,0.2,0.5,0.8,0.2,0.2,0.5
22,,,,,,,,,,0.2,0.8,1,3,False,0.5,0.2,2,0.2,0.8,0.5,0.8,0.8,0.2,0.8,0.8,0.5,0.2,0.2,0.2
23,,,,,,,,,,0.2,0.8,3,2,True,0.5,0.8,2,0.8,0.5,0.5,0.8,0.8,0.2,0.2,0.5,0.5,0.5,0.8,0.5
24,,,,,,,,,,0.5,0.2,1,3,False,0.5,0.2,1,0.8,0.2,0.5,0.8,0.5,0.2,0.8,0.5,0.2,0.5,0.5,0.8
25,,,,,,,,,,0.2,0.5,3,3,True,0.5,0.8,3,0.8,0.8,0.2,0.2,0.2,0.2,0.2,0.8,0.8,0.5,0.2,0.8
26,,,,,,,,,,0.8,0.5,2,3,False,0.2,0.2,1,0.8,0.2,0.2,0.2,0.2,0.8,0.2,0.8,0.2,0.8,0.8,0.2
27,,,,,,,,,,0.2,0.8,3,3,False,0.8,0.8,1,0.8,0.2,0.5,0.8,0.2,0.2,0.2,0.2,0.2,0.2,0.8,0.8
28,,,,,,,,,,0.8,0.5,1,3,False,0.8,0.8,3,0.5,0.8,0.8,0.2,0.8,0.8,0.8,0.2,0.8,0.8,0.2,0.2
29,,,,,,,,,,0.8,0.8,2,2,False,0.2,0.2,3,0.2,0.8,0.8,0.5,0.8,0.8,0.2,0.2,0.2,0.2,0.8,0.5
30,,,,,,,,,,0.5,0.2,2,1,False,0.5,0.5,2,0.2,0.2,0.5,0.8,0.5,0.8,0.8,0.2,0.5,0.8,0.5,0.2
31,,,,,,,,,,0.8,0.2,3,3,True,0.5,0.2,1,0.2,0.2,0.5,0.8,0.2,0.2,0.8,0.8,0.8,0.8,0.8,0.8
32,,,,,,,,,,0.2,0.2,1,2,False,0.8,0.2,3,0.8,0.2,0.5,0.5,0.2,0.2,0.8,0.2,0.8,0.8,0.8,0.8
33,,,,,,,,,,0.8,0.8,1,2,False,0.2,0.8,2,0.8,0.2,0.8,0.5,0.2,0.5,0.5,0.2,0.2,0.8,0.8,0.5
34,,,,,,,,,,0.5,0.8,2,1,False,0.8,0.8,3,0.8,0.8,0.5,0.5,0.2,0.2,0.2,0.8,0.8,0.8,0.2,0.8
35,,,,,,,,,,0.5,0.2,2,1,False,0.2,0.2,1,0.5,0.2,0.2,0.5,0.5,0.5,0.2,0.8,0.8,0.8,0.2,0.2
36,,,,,,,,,,0.8,0.2,3,1,False,0.8,0.8,3,0.8,0.8,0.5,0.8,0.8,0.5,0.2,0.2,0.8,0.5,0.2,0.8
37,,,,,,,,,,0.2,0.5,2,3,False,0.2,0.8,1,0.8,0.2,0.5,0.8,0.5,0.2,0.2,0.5,0.8,0.8,0.5,0.8
38,,,,,,,,,,0.2,0.2,3,2,False,0.5,0.5,1,0.2,0.2,0.5,0.2,0.8,0.8,0.2,0.8,0.2,0.2,0.5,0.8
39,,,,,,,,,,0.2,0.8,2,1,False,0.2,0.8,1,0.8,0.8,0.5,0.2,0.8,0.8,0.8,0.2,0.2,0.5,0.8,0.8
40,,,,,,,,,,0.8,0.2,2,2,False,0.2,0.2,1,0.8,0.8,0.8,0.2,0.2,0.8,0.2,0.2,0.2,0.8,0.2,0.8
41,,,,,,,,,,0.5,0.8,3,2,False,0.2,0.2,3,0.5,0.5,0.8,0.8,0.2,0.2,0.2,0.2,0.8,0.2,0.5,0.8
42,,,,,,,,,,0.8,0.5,3,2,False,0.8,0.8,1,0.2,0.5,0.5,0.5,0.5,0.8,0.2,0.2,0.5,0.2,0.8,0.5
43,,,,,,,,,,0.2,0.2,1,1,True,0.8,0.2,2,0.2,0.2,0.2,0.2,0.5,0.2,0.2,0.2,0.2,0.2,0.8,0.5
44,,,,,,,,,,0.5,0.2,2,1,False,0.8,0.5,3,0.8,0.5,0.5,0.2,0.8,0.8,0.2,0.8,0.5,0.5,0.8,0.2
45,,,,,,,,,,0.8,0.8,3,3,False,0.8,0.2,1,0.2,0.8,0.8,0.2,0.8,0.2,0.8,0.2,0.8,0.5,0.2,0.2
46,,,,,,,,,,0.2,0.8,2,3,True,0.8,0.5,2,0.2,0.5,0.2,0.5,0.5,0.8,0.5,0.2,0.8,0.8,0.8,0.5
47,,,,,,,,,,0.8,0.2,1,1,False,0.5,0.5,3,0.8,0.2,0.2,0.5,0.2,0.8,0.2,0.8,0.5,0.8,0.8,0.2
48,,,,,,,,,,0.5,0.2,1,3,False,0.2,0.8,3,0.8,0.2,0.2,0.8,0.2,0.2,0.8,0.5,0.2,0.2,0.8,0.5
49,,,,,,,,,,0.2,0.2,1,2,False,0.2,0.8,1,0.8,0.8,0.8,0.8,0.2,0.8,0.2,0.2,0.8,0.8,0.8,0.2
50,,,,,,,,,,0.5,0.2,1,1,False,0.5,0.2,3,0.8,0.2,0.8,0.8,0.8,0.2,0.5,0.2,0.5,0.5,0.2,0.5
51,,,,,,,,,,0.8,0.5,1,1,False,0.8,0.8,3,0.2,0.8,0.2,0.8,0.2,0.8,0.8,0.2,0.5,0.8,0.2,0.8
52,,,,,,,,,,0.2,0.2,2,2,False,0.5,0.2,3,0.8,0.5,0.2,0.8,0.5,0.5,0.2,0.8,0.2,0.8,0.5,0.2
53,,,,,,,,,,0.8,0.8,1,2,False,0.8,0.5,2,0.8,0.2,0.8,0.2,0.5,0.5,0.2,0.8,0.5,0.5,0.5,0.8
54,,,,,,,,,,0.2,0.5,3,1,False,0.8,0.2,3,0.5,0.5,0.2,0.8,0.5,0.2,0.8,0.5,0.2,0.2,0.2,0.5
55,,,,,,,,,,0.2,0.2,3,1,False,0.8,0.2,1,0.2,0.8,0.2,0.2,0.2,0.5,0.8,0.5,0.8,0.8,0.8,0.2
56,,,,,,,,,,0.5,0.5,3,3,False,0.8,0.8,1,0.2,0.2,0.2,0.5,0.8,0.2,0.8,0.2,0.2,0.5,0.8,0.5
57,,,,,,,,,,0.8,0.8,1,3,False,0.2,0.2,3,0.8,0.8,0.8,0.8,0.8,0.8,0.5,0.8,0.8,0.5,0.2,0.5
58,,,,,,,,,,0.2,0.2,1,1,False,0.2,0.2,1,0.8,0.8,0.2,0.8,0.2,0.8,0.8,0.2,0.8,0.8,0.2,0.2
59,,,,,,,,,,0.8,0.8,2,3,False,0.5,0.5,2,0.5,0.2,0.8,0.5,0.2,0.2,0.5,0.8,0.2,0.2,0.8,0.8
60,,,,,,,,,,0.5,0.8,3,2,False,0.8,0.8,2,0.2,0.2,0.5,0.5,0.8,0.8,0.5,0.8,0.2,0.5,0.5,0.2
61,,,,,,,,,,0.5,0.2,3,3,False,0.2,0.2,2,0.2,0.2,0.2,0.8,0.2,0.2,0.2,0.2,0.2,0.5,0.8,0.5
62,,,,,,,,,,0.5,0.2,1,1,False,0.8,0.8,3,0.2,0.2,0.8,0.8,0.5,0.2,0.5,0.2,0.2,0.5,0.2,0.2
63,,,,,,,,,,0.8,0.8,3,1,False,0.2,0.2,1,0.8,0.8,0.2,0.8,0.8,0.2,0.8,0.2,0.8,0.2,0.2,0.2
64,,,,,,,,,,0.5,0.5,3,3,False,0.8,0.5,3,0.2,0.2,0.2,0.2,0.5,0.8,0.8,0.2,0.5,0.2,0.2,0.8
65,,,,,,,,,,0.5,0.8,2,1,False,0.8,0.2,1,0.2,0.2,0.2,0.8,0.8,0.8,0.2,0.2,0.2,0.5,0.2,0.8
66,,,,,,,,,,0.8,0.2,1,2,False,0.8,0.5,3,0.8,0.2,0.2,0.2,0.2,0.8,0.8,0.2,0.2,0.2,0.5,0.5
67,,,,,,,,,,0.8,0.8,3,2,False,0.2,0.8,1,0.8,0.8,0.8,0.2,0.2,0.5,0.8,0.8,0.2,0.2,0.5,0.5
68,,,,,,,,,,0.2,0.8,1,1,False,0.2,0.8,3,0.2,0.5,0.8,0.2,0.5,0.2,0.8,0.5,0.2,0.8,0.5,0.2
69,,,,,,,,,,0.8,0.5,1,1,True,0.8,0.8,1,0.2,0.8,0.2,0.8,0.2,0.2,0.8,0.8,0.2,0.8,0.2,0.2
70,,,,,,,,,,0.8,0.8,1,3,True,0.8,0.2,1,0.2,0.2,0.2,0.8,0.8,0.8,0.8,0.5,0.2,0.8,0.8,0.2
71,,,,,,,,,,0.8,0.5,3,3,True,0.8,0.2,1,0.2,0.2,0.5,0.2,0.8,0.8,0.5,0.8,0.5,0.5,0.2,0.5
72,,,,,,,,,,0.2,0.8,1,1,False,0.2,0.2,3,0.5,0.2,0.8,0.2,0.2,0.2,0.8,0.2,0.8,0.8,0.8,0.5
73,,,,,,,,,,0.2,0.2,1,3,False,0.2,0.5,2,0.8,0.8,0.8,0.2,0.8,0.5,0.2,0.2,0.2,0.2,0.5,0.2
74,,,,,,,,,,0.8,0.2,1,3,False,0.8,0.2,1,0.8,0.2,0.2,0.8,0.8,0.5,0.5,0.8,0.2,0.8,0.5,0.8
75,,,,,,,,,,0.2,0.5,3,1,False,0.5,0.8,1,0.8,0.8,0.8,0.8,0.8,0.5,0.5,0.5,0.2,0.2,0.2,0.2
76,,,,,,,,,,0.2,0.2,1,1,True,0.8,0.8,2,0.8,0.8,0.8,0.5,0.2,0.5,0.8,0.8,0.2,0.2,0.2,0.5
77,,,,,,,,,,0.2,0.5,1,3,False,0.2,0.5,2,0.2,0.2,0.5,0.8,0.2,0.8,0.8,0.5,0.5,0.2,0.8,0.2
78,,,,,,,,,,0.5,0.5,1,3,False,0.2,0.2,3,0.2,0.5,0.2,0.5,0.2,0.8,0.5,0.2,0.8,0.8,0.5,0.2
79,,,,,,,,,,0.8,0.5,3,3,False,0.8,0.8,3,0.2,0.5,0.5,0.8,0.8,0.2,0.2,0.5,0.8,0.8,0.2,0.2
80,,,,,,,,,,0.2,0.8,1,2,False,0.5,0.5,2,0.8,0.8,0.2,0.8,0.5,0.8,0.8,0.2,0.8,0.2,0.2,0.8
81,,,,,,,,,,0.8,0.2,3,1,True,0.2,0.5,1,0.5,0.8,0.5,0.8,0.5,0.8,0.2,0.8,0.2,0.8,0.5,0.8
82,,,,,,,,,,0.2,0.2,3,2,False,0.8,0.8,3,0.8,0.8,0.8,0.5,0.5,0.2,0.8,0.2,0.8,0.5,0.8,0.8
83,,,,,,,,,,0.8,0.2,1,1,False,0.2,0.2,3,0.2,0.2,0.2,0.8,0.2,0.2,0.8,0.2,0.8,0.8,0.2,0.8
84,,,,,,,,,,0.2,0.5,3,3,False,0.8,0.2,1,0.5,0.2,0.2,0.5,0.8,0.8,0.2,0.2,0.8,0.8,0.8,0.2
85,,,,,,,,,,0.2,0.2,1,3,False,0.8,0.8,1,0.2,0.8,0.8,0.8,0.2,0.5,0.2,0.2,0.2,0.8,0.8,0.2
86,,,,,,,,,,0.8,0.2,2,2,True,0.5,0.5,1,0.2,0.5,0.5,0.8,0.8,0.2,0.8,0.2,0.5,0.2,0.5,0.8
87,,,,,,,,,,0.2,0.8,2,1,False,0.8,0.2,3,0.5,0.2,0.8,0.8,0.2,0.2,0.2,0.8,0.8,0.2,0.5,0.5
88,,,,,,,,,,0.5,0.5,2,1,False,0.5,0.2,2,0.2,0.8,0.5,0.5,0.5,0.2,0.2,0.5,0.2,0.8,0.5,0.5
89,,,,,,,,,,0.2,0.2,3,2,False,0.2,0.8,3,0.2,0.2,0.2,0.5,0.8,0.8,0.8,0.8,0.5,0.8,0.8,0.8
90,,,,,,,,,,0.2,0.2,1,1,True,0.8,0.2,3,0.5,0.5,0.5,0.8,0.8,0.8,0.8,0.5,0.8,0.5,0.2,0.2
91,,,,,,,,,,0.5,0.2,3,1,False,0.8,0.2,3,0.2,0.5,0.8,0.2,0.8,0.2,0.2,0.5,0.8,0.8,0.8,0.8
92,,,,,,,,,,0.8,0.2,3,2,False,0.2,0.8,1,0.8,0.8,0.8,0.2,0.8,0.2,0.2,0.2,0.8,0.8,0.5,0.2
93,,,,,,,,,,0.2,0.2,1,1,False,0.8,0.8,2,0.8,0.2,0.2,0.8,0.5,0.8,0.5,0.5,0.5,0.5,0.8,0.5
94,,,,,,,,,,0.2,0.2,1,1,True,0.2,0.2,1,0.2,0.8,0.2,0.2,0.8,0.2,0.2,0.5,0.8,0.5,0.2,0.8
95,,,,,,,,,,0.2,0.2,1,3,False,0.2,0.8,1,0.2,0.8,0.5,0.5,0.8,0.8,0.8,0.2,0.2,0.8,0.2,0.5
96,,,,,,,,,,0.8,0.5,1,3,False,0.2,0.8,3,0.8,0.2,0.8,0.8,0.2,0.8,0.8,0.8,0.2,0.2,0.2,0.2
97,,,,,,,,,,0.5,0.8,3,2,False,0.8,0.2,2,0.5,0.8,0.2,0.8,0.5,0.8,0.5,0.2,0.5,0.8,0.5,0.8
98,,,,,,,,,,0.8,0.5,1,1,False,0.2,0.8,1,0.2,0.2,0.5,0.8,0.8,0.5,0.2,0.5,0.8,0.8,0.8,0.5
99,,,,,,,,,,0.8,0.8,1,2,False,0.2,0.2,1,0.2,0.8,0.2,0.2,0.8,0.8,0.5,0.2,0.8,0.2,0.2,0.8
100,,,,,,,,,,0.8,0.8,2,2,True,0.2,0.2,2,0.8,0.2,0.2,0.8,0.2,0.5,0.8,0.5,0.5,0.5,0.5,0.8
101,,,,,,,,,,0.5,0.2,1,3,True,0.5,0.8,1,0.8,0.5,0.2,0.5,0.2,0.5,0.5,0.2,0.2,0.5,0.8,0.8
102,,,,,,,,,,0.5,0.2,2,3,False,0.8,0.8,1,0.8,0.8,0.8,0.5,0.2,0.8,0.8,0.5,0.8,0.8,0.2,0.8
103,,,,,,,,,,0.2,0.2,3,1,False,0.5,0.5,2,0.8,0.2,0.5,0.2,0.2,0.8,0.2,0.5,0.8,0.8,0.2,0.8
104,,,,,,,,,,0.8,0.2,3,2,False,0.8,0.2,1,0.8,0.2,0.8,0.8,0.5,0.5,0.5,0.8,0.2,0.2,0.8,0.2
105,,,,,,,,,,0.8,0.2,1,2,True,0.5,0.5,3,0.2,0.5,0.8,0.5,0.8,0.5,0.2,0.8,0.2,0.8,0.2,0.2
106,,,,,,,,,,0.8,0.2,3,1,False,0.8,0.2,3,0.8,0.8,0.8,0.8,0.2,0.5,0.8,0.2,0.2,0.5,0.8,0.8
107,,,,,,,,,,0.8,0.5,2,1,True,0.2,0.8,1,0.2,0.5,0.2,0.2,0.5,0.5,0.2,0.2,0.2,0.2,0.2,0.2
108,,,,,,,,,,0.8,0.8,1,1,False,0.2,0.8,1,0.8,0.2,0.2,0.8,0.2,0.5,0.2,0.8,0.8,0.2,0.2,0.8
109,,,,,,,,,,0.8,0.2,2,1,False,0.8,0.8,2,0.2,0.2,0.2,0.2,0.2,0.2,0.8,0.8,0.2,0.5,0.5,0.8
110,,,,,,,,,,0.8,0.2,2,2,False,0.8,0.2,1,0.5,0.2,0.2,0.2,0.5,0.2,0.5,0.2,0.2,0.5,0.2,0.2
111,,,,,,,,,,0.8,0.2,3,2,False,0.2,0.8,1,0.2,0.2,0.2,0.2,0.5,0.5,0.8,0.8,0.5,0.8,0.2,0.8
112,,,,,,,,,,0.2,0.2,3,3,False,0.8,0.2,3,0.2,0.8,0.2,0.5,0.2,0.2,0.8,0.8,0.2,0.8,0.2,0.8
113,,,,,,,,,,0.2,0.8,3,1,False,0.8,0.2,3,0.8,0.8,0.8,0.2,0.2,0.5,0.5,0.5,0.2,0.2,0.8,0.5
114,,,,,,,,,,0.2,0.8,1,1,False,0.8,0.2,3,0.2,0.5,0.8,0.2,0.8,0.8,0.5,0.8,0.5,0.2,0.8,0.2
115,,,,,,,,,,0.8,0.2,1,1,False,0.2,0.5,1,0.5,0.2,0.8,0.5,0.2,0.5,0.8,0.8,0.8,0.2,0.8,0.8
116,,,,,,,,,,0.5,0.8,3,3,False,0.2,0.8,3,0.8,0.5,0.8,0.8,0.2,0.8,0.2,0.8,0.2,0.8,0.8,0.8
117,,,,,,,,,,0.8,0.8,2,1,False,0.8,0.5,3,0.2,0.8,0.2,0.5,0.5,0.5,0.8,0.5,0.8,0.2,0.2,0.5
118,,,,,,,,,,0.8,0.8,3,1,False,0.2,0.2,3,0.8,0.8,0.8,0.8,0.2,0.2,0.2,0.8,0.5,0.2,0.5,0.2
119,,,,,,,,,,0.2,0.5,2,3,True,0.2,0.2,2,0.5,0.8,0.2,0.2,0.2,0.8,0.2,0.5,0.2,0.2,0.8,0.2
120,,,,,,,,,,0.8,0.8,3,3,True,0.8,0.8,1,0.8,0.2,0.8,0.2,0.8,0.8,0.5,0.5,0.8,0.2,0.8,0.8
121,,,,,,,,,,0.2,0.8,3,2,False,0.2,0.5,2,0.8,0.8,0.2,0.8,0.5,0.8,0.5,0.8,0.5,0.5,0.8,0.2
122,,,,,,,,,,0.8,0.8,3,2,False,0.8,0.2,2,0.8,0.2,0.2,0.2,0.2,0.8,0.8,0.8,0.8,0.5,0.8,0.2
123,,,,,,,,,,0.8,0.2,1,2,True,0.2,0.8,1,0.5,0.2,0.8,0.2,0.5,0.8,0.8,0.5,0.2,0.5,0.2,0.5
124,,,,,,,,,,0.8,0.8,3,3,False,0.2,0.5,3,0.8,0.2,0.2,0.2,0.8,0.2,0.8,0.2,0.8,0.8,0.8,0.8
125,,,,,,,,,,0.8,0.2,1,1,True,0.8,0.8,1,0.8,0.8,0.8,0.2,0.8,0.2,0.8,0.5,0.8,0.2,0.8,0.5
126,,,,,,,,,,0.5,0.8,1,2,True,0.8,0.5,3,0.5,0.5,0.5,0.2,0.2,0.2,0.5,0.5,0.5,0.5,0.2,0.5
127,,,,,,,,,,0.5,0.5,1,3,True,0.2,0.5,3,0.8,0.8,0.2,0.8,0.2,0.2,0.2,0.2,0.5,0.8,0.8,0.5
128,,,,,,,,,,0.2,0.5,3,1,False,0.2,0.2,2,0.5,0.5,0.2,0.2,0.8,0.2,0.8,0.2,0.8,0.2,0.5,0.8
129,,,,,,,,,,0.8,0.2,2,1,False,0.8,0.8,1,0.2,0.8,0.8,0.2,0.8,0.8,0.2,0.8,0.2,0.8,0.5,0.8
130,,,,,,,,,,0.8,0.8,1,3,True,0.8,0.2,1,0.2,0.5,0.8,0.8,0.2,0.5,0.2,0.2,0.8,0.2,0.2,0.8
131,,,,,,,,,,0.8,0.2,3,2,False,0.5,0.5,2,0.8,0.8,0.2,0.2,0.8,0.8,0.8,0.8,0.5,0.2,0.8,0.5
132,,,,,,,,,,0.2,0.5,1,3,False,0.8,0.8,1,0.2,0.8,0.8,0.8,0.8,0.8,0.2,0.8,0.8,0.2,0.5,0.5
133,,,,,,,,,,0.5,0.8,1,3,False,0.5,0.5,1,0.5,0.5,0.2,0.8,0.5,0.5,0.2,0.2,0.2,0.8,0.2,0.2
134,,,,,,,,,,0.5,0.5,3,1,True,0.2,0.8,2,0.2,0.8,0.8,0.5,0.8,0.5,0.8,0.2,0.8,0.8,0.2,0.8
135,,,,,,,,,,0.5,0.2,3,2,False,0.2,0.8,3,0.2,0.2,0.5,0.8,0.2,0.2,0.2,0.8,0.8,0.8,0.2,0.2
136,,,,,,,,,,0.2,0.5,1,2,False,0.2,0.2,3,0.5,0.2,0.8,0.2,0.8,0.8,0.2,0.5,0.2,0.8,0.2,0.2
137,,,,,,,,,,0.5,0.2,3,3,True,0.8,0.5,3,0.2,0.5,0.2,0.8,0.2,0.8,0.2,0.8,0.2,0.2,0.2,0.8
138,,,,,,,,,,0.5,0.2,1,3,False,0.5,0.2,1,0.5,0.5,0.8,0.2,0.8,0.8,0.8,0.8,0.2,0.2,0.8,0.8
139,,,,,,,,,,0.8,0.8,3,1,True,0.5,0.2,1,0.2,0.8,0.2,0.2,0.8,0.2,0.8,0.2,0.2,0.5,0.8,0.2
140,,,,,,,,,,0.2,0.5,2,1,True,0.5,0.8,3,0.2,0.2,0.8,0.8,0.2,0.8,0.8,0.5,0.2,0.5,0.5,0.8
141,,,,,,,,,,0.2,0.8,1,3,False,0.2,0.8,3,0.8,0.2,0.8,0.2,0.2,0.8,0.2,0.8,0.8,0.2,0.8,0.5
142,,,,,,,,,,0.5,0.5,1,2,False,0.5,0.8,3,0.5,0.2,0.5,0.2,0.8,0.5,0.5,0.8,0.8,0.2,0.2,0.8
143,,,,,,,,,,0.2,0.5,2,1,False,0.2,0.5,1,0.8,0.5,0.2,0.5,0.2,0.2,0.8,0.8,0.2,0.8,0.8,0.5
144,,,,,,,,,,0.5,0.8,3,1,True,0.2,0.8,3,0.2,0.2,0.2,0.2,0.5,0.8,0.2,0.8,0.8,0.2,0.8,0.8
145,,,,,,,,,,0.5,0.5,1,1,False,0.2,0.2,3,0.2,0.8,0.2,0.5,0.2,0.5,0.8,0.5,0.5,0.2,0.8,0.5
146,,,,,,,,,,0.2,0.2,3,1,False,0.5,0.2,1,0.2,0.2,0.8,0.8,0.2,0.8,0.5,0.5,0.8,0.5,0.2,0.8
147,,,,,,,,,,0.8,0.2,2,3,False,0.5,0.2,2,0.2,0.8,0.8,0.8,0.5,0.5,0.2,0.5,0.5,0.8,0.2,0.2
148,,,,,,,,,,0.2,0.8,1,2,False,0.5,0.5,1,0.2,0.5,0.8,0.2,0.2,0.8,0.2,0.5,0.5,0.8,0.8,0.8
149,,,,,,,,,,0.8,0.8,3,3,False,0.8,0.2,3,0.2,0.8,0.8,0.2,0.2,0.8,0.2,0.8,0.8,0.2,0.2,0.2
150,,,,,,,,,,0.5,0.5,3,2,False,0.2,0.2,3,0.8,0.2,0.8,0.2,0.2,0.2,0.5,0.5,0.5,0.5,0.5,0.5
151,,,,,,,,,,0.2,0.2,1,1,False,0.2,0.2,1,0.5,0.2,0.2,0.5,0.5,0.8,0.5,0.2,0.5,0.2,0.5,0.8
152,,,,,,,,,,0.8,0.8,3,2,True,0.2,0.5,1,0.5,0.2,0.2,0.2,0.2,0.8,0.5,0.2,0.8,0.8,0.2,0.5
153,,,,,,,,,,0.8,0.8,2,3,False,0.5,0.8,2,0.2,0.2,0.2,0.2,0.2,0.8,0.2,0.2,0.8,0.2,0.5,0.5
154,,,,,,,,,,0.2,0.8,2,3,False,0.8,0.8,3,0.2,0.8,0.2,0.2,0.8,0.2,0.2,0.8,0.2,0.2,0.5,0.5
155,,,,,,,,,,0.8,0.5,3,2,False,0.8,0.5,2,0.8,0.2,0.8,0.8,0.8,0.8,0.8,0.8,0.8,0.2,0.2,0.8
156,,,,,,,,,,0.8,0.8,1,1,False,0.8,0.5,3,0.2,0.2,0.5,0.8,0.2,0.2,0.5,0.5,0.2,0.2,0.5,0.8
157,,,,,,,,,,0.2,0.8,1,1,False,0.8,0.2,1,0.2,0.2,0.5,0.5,0.2,0.5,0.5,0.5,0.8,0.2,0.2,0.2
158,,,,,,,,,,0.8,0.8,2,1,False,0.8,0.2,3,0.5,0.2,0.8,0.8,0.2,0.8,0.2,0.5,0.5,0.8,0.8,0.2
159,,,,,,,,,,0.8,0.5,3,1,False,0.5,0.8,2,0.8,0.2,0.2,0.5,0.8,0.2,0.2,0.8,0.2,0.2,0.8,0.8
160,,,,,,,,,,0.8,0.8,1,3,False,0.2,0.8,2,0.8,0.8,0.8,0.8,0.5,0.2,0.5,0.2,0.8,0.2,0.8,0.2
161,,,,,,,,,,0.2,0.8,1,3,False,0.8,0.2,1,0.8,0.5,0.2,0.2,0.2,0.2,0.8,0.8,0.8,0.5,0.8,0.5
162,,,,,,,,,,0.2,0.8,1,3,False,0.8,0.2,3,0.5,0.2,0.5,0.2,0.8,0.2,0.2,0.8,0.5,0.8,0.5,0.8
163,,,,,,,,,,0.2,0.2,3,1,False,0.8,0.8,2,0.2,0.8,0.2,0.8,0.8,0.8,0.2,0.2,0.2,0.8,0.8,0.8
164,,,,,,,,,,0.2,0.5,2,3,False,0.8,0.2,1,0.5,0.2,0.8,0.5,0.8,0.5,0.8,0.5,0.8,0.8,0.8,0.8
165,,,,,,,,,,0.8,0.8,2,2,True,0.8,0.8,3,0.5,0.2,0.2,0.5,0.5,0.2,0.2,0.2,0.2,0.8,0.5,0.8
166,,,,,,,,,,0.2,0.2,3,1,True,0.8,0.5,1,0.8,0.2,0.2,0.2,0.8,0.8,0.8,0.2,0.8,0.8,0.2,0.8
167,,,,,,,,,,0.2,0.8,3,1,False,0.8,0.8,1,0.8,0.2,0.8,0.2,0.2,0.8,0.8,0.8,0.2,0.2,0.2,0.2
168,,,,,,,,,,0.8,0.8,1,3,True,0.5,0.8,2,0.2,0.8,0.2,0.8,0.8,0.5,0.8,0.8,0.8,0.8,0.2,0.8
169,,,,,,,,,,0.5,0.8,3,2,False,0.2,0.8,3,0.8,0.8,0.2,0.8,0.8,0.2,0.5,0.2,0.2,0.2,0.2,0.5
170,,,,,,,,,,0.5,0.5,2,3,False,0.5,0.5,2,0.2,0.8,0.2,0.8,0.2,0.2,0.2,0.2,0.8,0.2,0.2,0.5
171,,,,,,,,,,0.2,0.2,3,1,False,0.2,0.2,1,0.5,0.8,0.5,0.5,0.5,0.5,0.2,0.8,0.2,0.8,0.5,0.5
172,,,,,,,,,,0.2,0.8,3,3,False,0.2,0.2,3,0.5,0.8,0.5,0.2,0.2,0.5,0.2,0.2,0.8,0.8,0.2,0.2
173,,,,,,,,,,0.2,0.2,1,3,True,0.8,0.8,3,0.8,0.2,0.8,0.8,0.2,0.2,0.8,0.2,0.5,0.8,0.2,0.8
174,,,,,,,,,,0.2,0.5,1,2,False,0.2,0.8,3,0.8,0.8,0.2,0.2,0.8,0.5,0.2,0.8,0.5,0.8,0.5,0.8
175,,,,,,,,,,0.2,0.2,3,3,False,0.8,0.8,1,0.5,0.8,0.8,0.8,0.8,0.2,0.8,0.2,0.8,0.8,0.2,0.8
176,,,,,,,,,,0.5,0.5,1,1,True,0.8,0.5,3,0.8,0.8,0.2,0.8,0.8,0.2,0.8,0.8,0.2,0.2,0.8,0.8
177,,,,,,,,,,0.2,0.2,2,3,False,0.2,0.5,3,0.2,0.2,0.8,0.5,0.8,0.5,0.5,0.2,0.2,0.2,0.5,0.8
178,,,,,,,,,,0.8,0.2,3,1,True,0.8,0.8,2,0.2,0.2,0.8,0.2,0.2,0.2,0.2,0.2,0.8,0.5,0.2,0.5
179,,,,,,,,,,0.8,0.8,1,1,False,0.2,0.8,3,0.2,0.2,0.8,0.2,0.8,0.2,0.2,0.2,0.8,0.5,0.8,0.5
180,,,,,,,,,,0.8,0.8,3,2,False,0.2,0.2,3,0.2,0.5,0.5,0.2,0.2,0.8,0.8,0.8,0.5,0.5,0.8,0.5
181,,,,,,,,,,0.2,0.2,3,3,True,0.2,0.8,1,0.2,0.2,0.8,0.8,0.8,0.8,0.2,0.2,0.8,0.2,0.8,0.2
182,,,,,,,,,,0.8,0.8,1,1,False,0.2,0.2,2,0.8,0.2,0.8,0.8,0.5,0.8,0.5,0.8,0.8,0.8,0.8,0.8
183,,,,,,,,,,0.5,0.8,1,3,True,0.2,0.2,3,0.5,0.5,0.2,0.2,0.5,0.8,0.8,0.2,0.2,0.8,0.2,0.8
184,,,,,,,,,,0.5,0.2,1,1,False,0.8,0.2,2,0.5,0.5,0.8,0.8,0.8,0.8,0.2,0.8,0.2,0.2,0.2,0.8
185,,,,,,,,,,0.2,0.5,3,2,True,0.5,0.5,1,0.5,0.8,0.8,0.2,0.2,0.8,0.2,0.2,0.5,0.2,0.2,0.8
186,,,,,,,,,,0.2,0.2,1,1,False,0.8,0.2,3,0.2,0.8,0.2,0.5,0.2,0.8,0.2,0.2,0.5,0.2,0.5,0.5
187,,,,,,,,,,0.8,0.5,3,1,False,0.2,0.2,3,0.8,0.5,0.2,0.8,0.8,0.8,0.2,0.2,0.5,0.8,0.5,0.8
188,,,,,,,,,,0.2,0.2,2,1,True,0.2,0.2,1,0.2,0.2,0.8,0.2,0.2,0.5,0.5,0.5,0.2,0.8,0.5,0.2
189,,,,,,,,,,0.8,0.2,3,3,False,0.8,0.2,1,0.5,0.8,0.8,0.5,0.2,0.2,0.2,0.8,0.2,0.2,0.2,0.8
190,,,,,,,,,,0.2,0.8,3,1,False,0.8,0.2,2,0.2,0.8,0.8,0.2,0.8,0.2,0.8,0.8,0.8,0.2,0.8,0.8
191,,,,,,,,,,0.2,0.8,3,1,False,0.2,0.8,3,0.2,0.5,0.8,0.8,0.8,0.8,0.2,0.2,0.8,0.8,0.2,0.2
192,,,,,,,,,,0.8,0.2,2,3,False,0.8,0.8,1,0.8,0.2,0.2,0.5,0.8,0.8,0.8,0.2,0.5,0.2,0.2,0.2
193,,,,,,,,,,0.8,0.8,3,1,False,0.2,0.8,1,0.2,0.5,0.5,0.5,0.2,0.2,0.2,0.5,0.2,0.5,0.2,0.8
194,,,,,,,,,,0.2,0.5,1,3,True,0.2,0.2,3,0.2,0.8,0.8,0.5,0.2,0.2,0.5,0.8,0.5,0.2,0.8,0.2
195,,,,,,,,,,0.2,0.2,3,2,True,0.2,0.8,3,0.5,0.5,0.5,0.2,0.8,0.8,0.8,0.8,0.2,0.8,0.8,0.2
196,,,,,,,,,,0.2,0.2,3,1,False,0.8,0.5,3,0.5,0.8,0.8,0.2,0.2,0.2,0.5,0.2,0.2,0.8,0.2,0.8
197,,,,,,,,,,0.8,0.2,1,3,False,0.2,0.2,3,0.2,0.2,0.2,0.5,0.8,0.2,0.2,0.8,0.8,0.2,0.5,0.8
198,,,,,,,,,,0.8,0.2,1,2,True,0.2,0.8,1,0.5,0.5,0.5,0.8,0.2,0.8,0.5,0.8,0.8,0.5,0.5,0.2
199,,,,,,,,,,0.8,0.8,1,2,False,0.2,0.2,1,0.5,0.5,0.2,0.2,0.8,0.2,0.8,0.2,0.5,0.8,0.2,0.8
200,,,,,,,,,,0.8,0.5,1,3,False,0.2,0.8,3,0.8,0.5,0.2,0.5,0.2,0.5,0.8,0.5,0.5,0.5,0.8,0.2
201,,,,,,,,,,0.2,0.8,1,3,True,0.2,0.2,1,0.5,0.2,0.2,0.8,0.8,0.5,0.8,0.8,0.2,0.2,0.5,0.5
202,,,,,,,,,,0.2,0.2,3,3,True,0.8,0.5,3,0.8,0.2,0.8,0.2,0.8,0.2,0.8,0.8,0.5,0.2,0.2,0.2
203,,,,,,,,,,0.2,0.2,2,1,True,0.2,0.8,1,0.8,0.2,0.8,0.8,0.5,0.5,0.2,0.8,0.8,0.5,0.8,0.8
204,,,,,,,,,,0.2,0.8,1,1,False,0.8,0.2,1,0.8,0.8,0.2,0.8,0.8,0.2,0.2,0.2,0.5,0.2,0.8,0.2
205,,,,,,,,,,0.5,0.8,3,3,False,0.2,0.2,1,0.2,0.2,0.2,0.2,0.5,0.2,0.5,0.8,0.8,0.2,0.2,0.2
206,,,,,,,,,,0.5,0.5,3,3,False,0.2,0.2,2,0.2,0.8,0.2,0.2,0.8,0.5,0.2,0.8,0.8,0.8,0.2,0.8
207,,,,,,,,,,0.2,0.8,1,2,False,0.8,0.8,3,0.2,0.2,0.8,0.8,0.8,0.2,0.8,0.8,0.8,0.2,0.5,0.2
208,,,,,,,,,,0.2,0.8,3,1,False,0.8,0.8,1,0.5,0.2,0.8,0.2,0.8,0.2,0.5,0.2,0.2,0.8,0.2,0.5
209,,,,,,,,,,0.5,0.5,3,3,False,0.5,0.8,3,0.5,0.8,0.5,0.5,0.5,0.5,0.8,0.5,0.5,0.8,0.8,0.5
210,,,,,,,,,,0.5,0.2,1,3,False,0.2,0.5,3,0.2,0.8,0.2,0.2,0.2,0.5,0.5,0.5,0.8,0.5,0.8,0.8
211,,,,,,,,,,0.8,0.5,1,1,False,0.2,0.2,3,0.2,0.8,0.8,0.8,0.8,0.8,0.8,0.5,0.8,0.8,0.2,0.8
212,,,,,,,,,,0.2,0.8,2,1,False,0.5,0.5,3,0.5,0.5,0.5,0.5,0.5,0.5,0.2,0.8,0.2,0.8,0.5,0.8
213,,,,,,,,,,0.2,0.5,1,1,True,0.8,0.2,1,0.8,0.2,0.8,0.8,0.2,0.8,0.2,0.2,0.2,0.8,0.2,0.5
214,,,,,,,,,,0.8,0.2,1,3,False,0.8,0.2,1,0.8,0.8,0.2,0.8,0.2,0.8,0.5,0.8,0.5,0.5,0.8,0.5
215,,,,,,,,,,0.5,0.2,3,3,False,0.2,0.2,3,0.8,0.8,0.8,0.8,0.8,0.8,0.2,0.8,0.2,0.8,0.2,0.2
216,,,,,,,,,,0.2,0.5,2,3,True,0.8,0.2,1,0.8,0.8,0.5,0.5,0.8,0.2,0.8,0.5,0.2,0.8,0.2,0.2
217,,,,,,,,,,0.8,0.5,1,1,True,0.5,0.2,1,0.8,0.8,0.2,0.2,0.2,0.8,0.8,0.2,0.8,0.2,0.2,0.8
218,,,,,,,,,,0.8,0.5,3,3,True,0.8,0.2,3,0.8,0.5,0.8,0.2,0.2,0.8,0.5,0.2,0.2,0.8,0.5,0.2
219,,,,,,,,,,0.8,0.8,2,3,False,0.5,0.2,1,0.8,0.5,0.5,0.8,0.2,0.2,0.2,0.2,0.2,0.5,0.8,0.2
220,,,,,,,,,,0.5,0.2,2,3,True,0.5,0.2,3,0.8,0.5,0.8,0.5,0.8,0.8,0.2,0.5,0.8,0.5,0.8,0.8
221,,,,,,,,,,0.8,0.2,1,3,False,0.8,0.2,3,0.2,0.2,0.8,0.8,0.8,0.8,0.8,0.2,0.8,0.2,0.8,0.8
222,,,,,,,,,,0.2,0.2,3,1,True,0.2,0.2,2,0.8,0.2,0.5,0.8,0.5,0.2,0.5,0.2,0.8,0.2,0.2,0.5
223,,,,,,,,,,0.2,0.5,1,1,True,0.5,0.8,3,0.8,0.5,0.8,0.2,0.5,0.2,0.2,0.2,0.8,0.8,0.2,0.2
224,,,,,,,,,,0.2,0.8,1,1,False,0.8,0.5,2,0.8,0.5,0.8,0.2,0.2,0.8,0.5,0.2,0.8,0.2,0.2,0.8
225,,,,,,,,,,0.5,0.2,3,1,True,0.2,0.2,3,0.8,0.8,0.5,0.2,0.8,0.8,0.5,0.2,0.2,0.2,0.2,0.2
226,,,,,,,,,,0.5,0.2,3,1,False,0.8,0.8,1,0.5,0.5,0.8,0.8,0.2,0.8,0.8,0.5,0.2,0.8,0.2,0.8
227,,,,,,,,,,0.5,0.8,2,2,False,0.8,0.2,1,0.2,0.5,0.2,0.5,0.8,0.2,0.2,0.8,0.8,0.2,0.5,0.8
228,,,,,,,,,,0.5,0.8,3,1,False,0.8,0.8,3,0.2,0.2,0.2,0.2,0.2,0.2,0.2,0.2,0.5,0.8,0.8,0.2
229,,,,,,,,,,0.5,0.2,1,1,False,0.8,0.8,1,0.5,0.8,0.5,0.2,0.2,0.5,0.5,0.5,0.5,0.5,0.5,0.5
230,,,,,,,,,,0.8,0.2,3,1,False,0.8,0.2,2,0.8,0.2,0.8,0.2,0.8,0.2,0.2,0.2,0.8,0.2,0.2,0.2
231,,,,,,,,,,0.8,0.8,2,2,False,0.8,0.8,1,0.8,0.8,0.5,0.8,0.8,0.2,0.8,0.8,0.2,0.8,0.8,0.8
232,,,,,,,,,,0.8,0.2,1,2,False,0.2,0.8,2,0.5,0.8,0.2,0.8,0.8,0.8,0.2,0.2,0.2,0.5,0.5,0.2
233,,,,,,,,,,0.5,0.8,2,1,True,0.8,0.5,1,0.5,0.8,0.8,0.8,0.5,0.8,0.8,0.8,0.8,0.5,0.8,0.2
234,,,,,,,,,,0.8,0.5,3,3,False,0.2,0.5,1,0.5,0.2,0.8,0.8,0.8,0.8,0.8,0.2,0.2,0.8,0.8,0.5
235,,,,,,,,,,0.5,0.2,3,1,False,0.2,0.8,3,0.5,0.2,0.2,0.8,0.8,0.8,0.8,0.5,0.8,0.2,0.5,0.2
236,,,,,,,,,,0.8,0.8,2,1,False,0.8,0.2,1,0.8,0.5,0.2,0.2,0.5,0.8,0.8,0.2,0.8,0.8,0.8,0.2
237,,,,,,,,,,0.2,0.8,1,1,False,0.2,0.5,3,0.8,0.2,0.2,0.2,0.5,0.5,0.2,0.2,0.8,0.2,0.2,0.2
238,,,,,,,,,,0.5,0.2,2,1,False,0.8,0.2,1,0.8,0.8,0.5,0.2,0.2,0.2,0.2,0.5,0.5,0.2,0.8,0.2
239,,,,,,,,,,0.5,0.8,2,2,True,0.2,0.2,2,0.8,0.2,0.8,0.2,0.8,0.8,0.8,0.5,0.5,0.2,0.8,0.2
240,,,,,,,,,,0.8,0.8,1,3,False,0.2,0.8,1,0.5,0.8,0.8,0.5,0.8,0.8,0.2,0.2,0.5,0.5,0.2,0.8
241,,,,,,,,,,0.8,0.8,3,1,False,0.5,0.2,3,0.5,0.2,0.8,0.2,0.8,0.8,0.8,0.5,0.2,0.2,0.2,0.8
242,,,,,,,,,,0.5,0.8,2,3,True,0.5,0.8,3,0.8,0.2,0.2,0.8,0.5,0.8,0.2,0.8,0.5,0.5,0.2,0.2
243,,,,,,,,,,0.8,0.5,3,2,False,0.5,0.8,3,0.2,0.2,0.5,0.2,0.5,0.5,0.5,0.5,0.8,0.8,0.8,0.2
244,,,,,,,,,,0.2,0.8,1,1,True,0.2,0.8,2,0.2,0.8,0.8,0.8,0.8,0.8,0.5,0.2,0.5,0.5,0.2,0.2
245,,,,,,,,,,0.2,0.2,2,3,False,0.5,0.8,2,0.5,0.5,0.2,0.2,0.8,0.2,0.5,0.5,0.8,0.8,0.8,0.5
246,,,,,,,,,,0.8,0.8,3,1,False,0.2,0.8,3,0.8,0.2,0.5,0.8,0.2,0.2,0.8,0.2,0.5,0.2,0.8,0.2
247,,,,,,,,,,0.2,0.8,3,1,True,0.5,0.2,3,0.8,0.8,0.2,0.2,0.5,0.8,0.8,0.8,0.8,0.8,0.2,0.2
248,,,,,,,,,,0.2,0.8,1,3,False,0.5,0.5,1,0.8,0.2,0.8,0.8,0.8,0.8,0.8,0.8,0.5,0.8,0.5,0.2
249,,,,,,,,,,0.2,0.2,1,1,False,0.2,0.2,1,0.2,0.2,0.8,0.2,0.2,0.2,0.2,0.8,0.2,0.8,0.2,0.8
250,,,,,,,,,,0.2,0.5,1,3,False,0.5,0.5,2,0.8,0.5,0.2,0.2,0.2,0.8,0.2,0.8,0.5,0.2,0.2,0.8
251,,,,,,,,,,0.5,0.8,2,2,False,0.2,0.2,3,0.5,0.8,0.8,0.8,0.2,0.2,0.8,0.8,0.2,0.8,0.8,0.2
252,,,,,,,,,,0.5,0.5,3,3,False,0.8,0.5,2,0.5,0.5,0.5,0.5,0.2,0.2,0.2,0.8,0.5,0.8,0.5,0.2
253,,,,,,,,,,0.8,0.2,1,3,False,0.8,0.8,2,0.5,0.8,0.8,0.2,0.2,0.2,0.5,0.5,0.2,0.2,0.5,0.2
254,,,,,,,,,,0.2,0.8,3,3,False,0.8,0.5,1,0.8,0.8,0.5,0.8,0.2,0.8,0.8,0.8,0.5,0.2,0.2,0.2
255,,,,,,,,,,0.8,0.8,1,3,False,0.2,0.2,1,0.2,0.8,0.8,0.5,0.2,0.2,0.8,0.2,0.8,0.8,0.5,0.5
256,,,,,,,,,,0.2,0.2,3,3,False,0.8,0.8,2,0.5,0.2,0.2,0.8,0.2,0.5,0.8,0.8,0.8,0.5,0.2,0.2
257,,,,,,,,,,0.8,0.2,3,1,False,0.2,0.8,1,0.2,0.8,0.8,0.5,0.2,0.8,0.8,0.5,0.2,0.2,0.8,0.2
258,,,,,,,,,,0.8,0.2,3,1,False,0.8,0.5,2,0.8,0.8,0.2,0.8,0.8,0.5,0.2,0.2,0.8,0.2,0.8,0.5
259,,,,,,,,,,0.8,0.2,2,3,False,0.2,0.8,3,0.8,0.5,0.5,0.2,0.5,0.8,0.2,0.2,0.5,0.2,0.8,0.8
260,,,,,,,,,,0.2,0.8,1,3,False,0.5,0.8,3,0.8,0.2,0.5,0.8,0.2,0.5,0.2,0.2,0.2,0.2,0.8,0.8
261,,,,,,,,,,0.5,0.8,1,2,False,0.2,0.2,2,0.2,0.8,0.2,0.2,0.2,0.2,0.8,0.2,0.2,0.2,0.2,0.8
262,,,,,,,,,,0.8,0.2,3,1,False,0.2,0.5,3,0.2,0.8,0.2,0.8,0.2,0.8,0.2,0.2,0.8,0.5,0.8,0.2
263,,,,,,,,,,0.8,0.8,2,2,False,0.5,0.8,3,0.2,0.8,0.2,0.8,0.8,0.8,0.5,0.2,0.2,0.2,0.5,0.8
264,,,,,,,,,,0.2,0.8,1,1,False,0.8,0.5,1,0.5,0.8,0.5,0.5,0.8,0.2,0.8,0.2,0.8,0.8,0.8,0.5
265,,,,,,,,,,0.2,0.8,1,3,False,0.2,0.2,1,0.2,0.8,0.2,0.2,0.5,0.2,0.5,0.2,0.8,0.2,0.8,0.8
266,,,,,,,,,,0.5,0.5,1,3,True,0.8,0.2,1,0.8,0.2,0.5,0.2,0.8,0.2,0.5,0.2,0.8,0.8,0.8,0.2
267,,,,,,,,,,0.2,0.8,3,3,True,0.2,0.2,3,0.2,0.2,0.2,0.8,0.2,0.2,0.8,0.2,0.2,0.5,0.2,0.2
268,,,,,,,,,,0.8,0.2,2,1,False,0.2,0.5,3,0.2,0.5,0.8,0.8,0.8,0.2,0.2,0.8,0.8,0.2,0.8,0.2
269,,,,,,,,,,0.8,0.2,1,1,False,0.2,0.2,2,0.5,0.8,0.8,0.2,0.5,0.2,0.8,0.5,0.8,0.8,0.8,0.2
270,,,,,,,,,,0.8,0.2,1,1,True,0.8,0.5,1,0.5,0.5,0.8,0.8,0.2,0.2,0.5,0.5,0.8,0.5,0.5,0.8
271,,,,,,,,,,0.8,0.5,1,1,False,0.8,0.2,1,0.8,0.8,0.8,0.5,0.8,0.8,0.8,0.8,0.2,0.8,0.5,0.2
272,,,,,,,,,,0.8,0.2,3,3,False,0.2,0.5,2,0.5,0.5,0.8,0.5,0.5,0.5,0.8,0.5,0.8,0.2,0.2,0.5
273,,,,,,,,,,0.8,0.8,1,3,True,0.8,0.8,2,0.2,0.8,0.2,0.2,0.2,0.5,0.2,0.8,0.8,0.8,0.8,0.2
274,,,,,,,,,,0.5,0.5,1,3,False,0.2,0.8,2,0.2,0.8,0.8,0.5,0.8,0.5,0.5,0.8,0.2,0.5,0.8,0.8
275,,,,,,,,,,0.2,0.5,3,2,False,0.5,0.8,2,0.8,0.5,0.8,0.2,0.2,0.8,0.8,0.2,0.5,0.5,0.2,0.2
276,,,,,,,,,,0.8,0.8,3,3,False,0.2,0.8,1,0.2,0.8,0.2,0.8,0.8,0.8,0.8,0.8,0.8,0.8,0.8,0.2
